{
  "cameras": [
    {
      "uid": "lawn-cam1",
      "name": "lawn-cam1",
      "extrinsics": {
        "translation": [4.308365023357436, 0.7081547746931345, 2.0587674050532896],
        "rotation": [-116.2004019752612, -2.342515450530764, -5.356508379544782],
        "scale": [1.0, 1.0, 1.0]
      },
      "intrinsics": {
        "fx": 1048.692494663649,
        "fy": 1048.692494663649,
        "cx": 640.0,
        "cy": 360.0
      },
      "distortion": {
        "k1": 0.0,
        "k2": 0.0,
        "p1": 0.0,
        "p2": 0.0,
        "k3": 0.0
      },
      "resolution": [1280.0, 720.0]
    },
    {
      "uid": "lawn-cam2",
      "name": "lawn-cam2",
      "extrinsics": {
        "translation": [8.408940277503953, 1.4575141166666123, 2.1500794357031],
        "rotation": [-129.09442401846545, -64.37467478318948, -24.994511902227103],
        "scale": [1.0, 1.0, 1.0]
      },
      "intrinsics": {
        "fx": 1048.692494663649,
        "fy": 1048.692494663649,
        "cx": 640.0,
        "cy": 360.0
      },
      "distortion": {
        "k1": 0.0,
        "k2": 0.0,
        "p1": 0.0,
        "p2": 0.0,
        "k3": 0.0
      },
      "resolution": [1280.0, 720.0]
    }
  ]
}